vid,x,y
0,36.83202963150723,47.56351178648175
1,53.46445565590741,85.1638070788734
2,8.228215678796447,67.81495605868416
3,47.864155977164145,67.3106887351534
4,86.84121953268226,55.13317613652459
