vid,x,y
0,48.27245634103057,81.40510843910036
1,40.55701562900646,83.38377424574175
2,40.39895883188409,84.33222938136551
3,78.47481520124728,88.28381485532408
4,26.86836559659074,67.61240527197293
5,98.87694690375622,57.66217032366426
6,19.922673531439973,20.273049226292283
7,90.16569141845169,60.65535584551544
8,57.7752504011399,82.60703498981925
9,58.52354772800995,94.0049386243469
